21114,003-001-000013531
21115,003-001-000013532
21116,003-001-000013533
21117,003-001-000013534
21118,003-001-000013535
21119,003-001-000013536
21120,003-001-000013537
21121,003-001-000013538
21122,003-001-000013539
21123,003-001-000013540
21124,003-001-000013541
21125,003-001-000013542
21126,003-001-000013543
21127,003-001-000013544
21128,003-001-000013545
21129,003-001-000013546
21130,003-001-000013547
21131,003-001-000013548
21132,003-001-000013549
21133,003-001-000013550
21134,003-001-000013551
21135,003-001-000013552
21136,003-001-000013553
21137,003-001-000013554
21138,003-001-000013555
21139,003-001-000013556
21140,003-001-000013557
21141,003-001-000013558
21142,003-001-000013559
21143,003-001-000013560
21144,003-001-000013561
21145,003-001-000013562
21146,003-001-000013563
21147,003-001-000013564
21148,003-001-000013565
21149,003-001-000013566
21150,003-001-000013567
21151,003-001-000013568
21152,003-001-000013569
21153,003-001-000013570
21154,003-001-000013571
21155,003-001-000013572
21156,003-001-000013573
21157,003-001-000013574
21158,003-001-000013575
21159,003-001-000013576
21160,003-001-000013577
21161,003-001-000013582
21162,003-001-000013583
21163,003-001-000013584
21164,003-001-000013585
21165,003-001-000013586
21166,003-001-000013587
21167,003-001-000013588
21168,003-001-000013589
21169,003-001-000013590
21170,003-001-000013591
21171,003-001-000013593
21172,003-001-000013594
21173,003-001-000013595
21174,003-001-000013596
21175,003-001-000013597
21176,003-001-000013598
21177,003-001-000013599
21178,003-001-000013600
21179,003-001-000013601
21180,003-001-000013602
21181,003-001-000013605
21182,003-001-000013606
21183,003-001-000013607
21184,003-001-000013608
21185,003-001-000013609
21186,003-001-000013612
21187,003-001-000013613
21188,003-001-000013614
21189,003-001-000013615
21190,003-001-000013617
21191,003-001-000013618
21192,003-001-000013619
21193,003-001-000013620
21194,003-001-000013621
21195,003-001-000013622
21196,003-001-000013623
21198,003-001-000013625
21199,003-001-000013626
21200,003-001-000013627
21197,003-001-000013628
21201,003-001-000013629
21202,003-001-000013630
21203,003-001-000013631
21204,003-001-000013632
21205,003-001-000013633
21206,003-001-000013634
21207,003-001-000013635
21208,003-001-000013636
21209,003-001-000013637
21210,003-001-000013638
21211,003-001-000013639
21212,003-001-000013640
21213,003-001-000013641
21214,003-001-000013642
21215,003-001-000013643
21216,003-001-000013644
21217,003-001-000013645
21218,003-001-000013646
21219,003-001-000013648
21220,003-001-000013649
21221,003-001-000013650
21222,003-001-000013651
21223,003-001-000013652
21224,003-001-000013653
21225,003-001-000013654
21226,003-001-000013655
21227,003-001-000013656
21228,003-001-000013657
21229,003-001-000013658
21230,003-001-000013659
21231,003-001-000013660
21232,003-001-000013661
21233,003-001-000013662
21234,003-001-000013663
21235,003-001-000013664
21236,003-001-000013665
21237,003-001-000013666
21238,003-001-000013667
21239,003-001-000013668
21240,003-001-000013669
21241,003-001-000013670
21242,003-001-000013671
21243,003-001-000013672
21244,003-001-000013673
21245,003-001-000013674
21246,003-001-000013675
21247,003-001-000013676
21248,003-001-000013677
21249,003-001-000013678
21250,003-001-000013679
21251,003-001-000013680
21252,003-001-000013681
21253,003-001-000013682
21254,003-001-000013683
21255,003-001-000013684
21256,003-001-000013685
21257,003-001-000013686
21258,003-001-000013687
21259,003-001-000013688
21260,003-001-000013689
21261,003-001-000013690
21262,003-001-000013691
21263,003-001-000013692
21264,003-001-000013693
21265,003-001-000013694
21269,003-001-000013695
21268,003-001-000013697
21270,003-001-000013700
21272,003-001-000013702
21273,003-001-000013703
21274,003-001-000013704
21275,003-001-000013705
21276,003-001-000013706
21277,003-001-000013707
21278,003-001-000013708
21279,003-001-000013709
21280,003-001-000013710
21281,003-001-000013711
21282,003-001-000013712
21283,003-001-000013713
21284,003-001-000013714
21285,003-001-000013715
21286,003-001-000013716
21287,003-001-000013717
21288,003-001-000013718
21289,003-001-000013719
